﻿<skin name="皮肤作者：200829163" version="sina4.0" author="郑伟" email="18953111643@189.cn" url="http://bbs.cenfun.com/" readme="" show_tips="0.5" >
	
	<option xywh="64r,0r,31,26" src="hlight.swf"  lock="1" display="1" group="A" ></option>
	<list xywh="0c, 26r, 100p, 100p" src="listbg.png"  lock="1" display="0" group="A">
	</list>
	
	<console xywh="0, 0, 100P, 100P" src="vplayer.swf" lock="1" display="1" group="A">
		<bt_play xywh="0, 0R, 36, 26" src="bt_play.png" tips="播放,暂停"/>
		<bt_stop xywh="36, 0R, 30, 26" src="stop.png" tips="停止/重播" />
		<bt_mute xywh="33R, 0R, 31, 26"  src="bt_mute.png" tips="音量"/>
		<volume xywh="-14R, 26R, 66, 6" thumb_src="progress_thumb.png" track_src="track.png" rotation="-90" />
		<progress xywh="76, 10R, 125B, 6" thumb_src="progress_thumb.png" track_src="track.png" />
		<bt_fullscreen xywh="0R, 0R, 33, 26" src="bt_fullscreen.png" tips="全屏播放" />
		<time xywh="60R, 7R, 145, 16" align="center" font="仿宋" size="12" color="#333333" borderColor=""  />
	</console>
	
	<media xywh="0, 26r, 100P, 100P"  lock="0" display="1" src="image.swf"  group="A" >
		<video xywh="0, 0r, 0b, 0b" />
		<video show_icon="0" show_buttons="1" />
	</media>
	
	 <languages>
    <msg id="view_error">抱歉，该视频已被删除，请观看其他视频</msg>
  </languages>
</skin>